City_ID,City,Country,Date,Lat,Lng,Max Temp,Humidity,Cloudiness,Wind Speed
0,Vaini,TO,2022-04-16 12:25:05,-21.2,-175.2,75.36,94,20,3.44
1,Punta Arenas,CL,2022-04-16 12:20:50,-53.15,-70.9167,41.11,81,75,9.22
2,Hofn,IS,2022-04-16 12:25:06,64.2539,-15.2082,46.24,97,100,6.49
3,Bluff,NZ,2022-04-16 12:25:06,-46.6,168.3333,52.81,59,95,10.22
4,Busselton,AU,2022-04-16 12:25:07,-33.65,115.3333,61.79,67,68,10.98
5,Rikitea,PF,2022-04-16 12:25:07,-23.1203,-134.9692,76.59,75,6,14.03
6,Kodiak,US,2022-04-16 12:25:08,57.79,-152.4072,38.71,87,100,18.41
7,Hermanus,ZA,2022-04-16 12:25:08,-34.4187,19.2345,68.81,53,30,21.83
8,Ushuaia,AR,2022-04-16 12:21:28,-54.8,-68.3,40.66,65,75,17.27
9,Kupang,ID,2022-04-16 12:25:09,-10.1667,123.5833,79.93,84,62,8.41
10,Cape Town,ZA,2022-04-16 12:20:33,-33.9258,18.4232,75.61,34,0,14.97
11,Avarua,CK,2022-04-16 12:25:09,-21.2078,-159.775,77.05,88,40,2.3
12,Arraial Do Cabo,BR,2022-04-16 12:25:10,-22.9661,-42.0278,73.26,73,75,14.97
13,Bengkulu,ID,2022-04-16 12:25:10,-3.8004,102.2655,80.67,79,96,1.86
14,Mtwara,TZ,2022-04-16 12:25:11,-10.2667,40.1833,84.29,72,22,10.29
15,Beringovskiy,RU,2022-04-16 12:25:11,63.05,179.3167,31.08,93,100,22.66
16,Ondjiva,AO,2022-04-16 12:25:11,-17.0667,15.7333,86.04,42,40,4.61
17,Vestmanna,FO,2022-04-16 12:25:12,62.1564,-7.1664,45.52,100,100,14.97
18,San Cristobal,VE,2022-04-16 12:25:12,7.7669,-72.225,68.18,78,100,4.56
19,Kununurra,AU,2022-04-16 12:25:12,-15.7667,128.7333,78.78,89,92,0.0
20,Namatanai,PG,2022-04-16 12:25:13,-3.6667,152.4333,80.56,82,47,7.16
21,Constitucion,CL,2022-04-16 12:25:13,-35.3333,-72.4167,51.96,81,0,4.56
22,Geraldton,AU,2022-04-16 12:25:13,-28.7667,114.6,72.01,73,88,13.8
23,Nsoko,SZ,2022-04-16 12:25:14,-27.0333,31.95,68.9,77,99,10.22
24,Mataura,NZ,2022-04-16 12:25:14,-46.1927,168.8643,52.48,90,91,2.84
25,Mulchen,CL,2022-04-16 12:25:14,-37.7167,-72.2333,47.26,86,4,5.14
26,Kenai,US,2022-04-16 12:25:15,60.5544,-151.2583,35.1,85,100,8.05
27,Novopokrovka,UA,2022-04-16 12:25:15,49.8425,36.5477,62.06,52,86,16.84
28,New Norfolk,AU,2022-04-16 12:25:15,-42.7826,147.0587,53.71,73,100,2.33
29,Mar Del Plata,AR,2022-04-16 12:25:16,-38.0023,-57.5575,58.08,100,100,9.22
30,Port Hardy,CA,2022-04-16 12:25:16,50.6996,-127.4199,41.0,93,20,3.44
31,Anadyr,RU,2022-04-16 12:25:16,64.75,177.4833,30.7,80,20,17.9
32,Yellowknife,CA,2022-04-16 12:25:17,62.456,-114.3525,0.41,84,75,8.05
33,Tuktoyaktuk,CA,2022-04-16 12:25:17,69.4541,-133.0374,-18.4,76,20,4.61
34,Port Alfred,ZA,2022-04-16 12:25:17,-33.5906,26.891,65.17,72,99,4.0
35,Grindavik,IS,2022-04-16 12:25:18,63.8424,-22.4338,49.95,100,100,14.97
36,Albany,US,2022-04-16 12:20:28,42.6001,-73.9662,53.64,62,99,3.06
37,Talcahuano,CL,2022-04-16 12:24:08,-36.7167,-73.1167,50.58,81,0,4.0
38,Jamestown,US,2022-04-16 12:25:18,42.097,-79.2353,42.53,96,100,4.61
39,Ikom,NG,2022-04-16 12:25:18,5.9667,8.7063,98.76,41,40,0.89
40,Yulara,AU,2022-04-16 12:25:19,-25.2406,130.9889,84.04,26,38,5.75
41,Thompson,CA,2022-04-16 12:25:19,55.7435,-97.8558,-0.24,78,40,6.91
42,Carutapera,BR,2022-04-16 12:25:19,-1.195,-46.02,80.24,87,94,3.04
43,Tezu,IN,2022-04-16 12:25:20,27.9167,96.1667,74.21,74,91,2.39
44,Saint-Philippe,RE,2022-04-16 12:25:20,-21.3585,55.7679,81.99,80,47,14.2
45,Qaanaaq,GL,2022-04-16 12:25:20,77.484,-69.3632,-10.8,86,100,7.99
46,Pevek,RU,2022-04-16 12:26:21,69.7008,170.3133,2.41,98,65,3.98
47,Bucerias,MX,2022-04-16 12:26:21,20.75,-105.3333,67.98,62,73,5.03
48,Port-De-Bouc,FR,2022-04-16 12:26:21,43.4,4.9833,80.76,37,0,10.36
49,Cherskiy,RU,2022-04-16 12:26:22,68.75,161.3,13.19,97,100,9.42
50,Uyuni,BO,2022-04-16 12:26:22,-20.4597,-66.825,39.16,22,0,6.87
51,Dikson,RU,2022-04-16 12:26:23,73.5069,80.5464,17.35,93,100,16.26
52,Coruripe,BR,2022-04-16 12:22:07,-10.1256,-36.1756,86.07,64,23,13.06
53,Gawler,AU,2022-04-16 12:26:23,-34.6,138.7333,76.1,44,28,9.19
54,Fort Nelson,CA,2022-04-16 12:23:30,58.8053,-122.7002,13.59,73,100,9.22
55,Richards Bay,ZA,2022-04-16 12:26:24,-28.783,32.0377,67.35,81,100,11.34
56,Pochutla,MX,2022-04-16 12:26:24,15.7432,-96.4661,76.82,72,57,2.37
57,Faya,SA,2022-04-16 12:26:24,18.3851,42.4509,77.52,27,27,12.24
58,Itarema,BR,2022-04-16 12:26:25,-2.9248,-39.9167,82.4,76,97,5.95
59,Grindu,RO,2022-04-16 12:26:25,44.7667,26.9167,66.87,48,100,8.9
60,East London,ZA,2022-04-16 12:26:25,-33.0153,27.9116,65.34,68,20,6.91
61,Hasaki,JP,2022-04-16 12:26:26,35.7333,140.8333,50.4,61,50,17.76
62,Charters Towers,AU,2022-04-16 12:26:26,-20.1,146.2667,69.37,80,23,9.62
63,Namibe,AO,2022-04-16 12:26:26,-15.1961,12.1522,79.43,65,0,14.97
64,Ballina,AU,2022-04-16 12:26:27,-28.8667,153.5667,64.36,93,40,5.75
65,Auki,SB,2022-04-16 12:26:27,-8.7676,160.7034,78.06,87,99,3.67
66,Aklavik,CA,2022-04-16 12:26:27,68.2191,-135.0107,-18.45,100,26,5.84
67,Kapaa,US,2022-04-16 12:26:27,22.0752,-159.319,73.72,85,40,18.41
68,Airai,TL,2022-04-16 12:26:28,-8.9266,125.4092,61.84,96,97,2.01
69,Wajima,JP,2022-04-16 12:26:28,37.4,136.9,47.5,56,2,3.2
70,Carnarvon,AU,2022-04-16 12:26:28,-24.8667,113.6333,78.87,73,69,12.66
71,Barrow,US,2022-04-16 12:24:41,71.2906,-156.7887,-0.38,71,0,21.85
72,Ancud,CL,2022-04-16 12:26:29,-41.8697,-73.8203,49.33,95,10,4.7
73,Pimentel,PE,2022-04-16 12:26:29,-6.8367,-79.9342,62.89,88,100,11.5
74,Aksu,CN,2022-04-16 12:26:30,41.1231,80.2644,64.35,10,15,9.57
75,Cockburn Town,TC,2022-04-16 12:26:30,21.4612,-71.1419,76.96,73,75,17.27
76,Pandan,PH,2022-04-16 12:26:30,14.0453,124.1694,78.98,78,73,5.3
77,Souillac,MU,2022-04-16 12:26:31,-20.5167,57.5167,82.78,65,40,13.8
78,Tahta,EG,2022-04-16 12:26:31,26.7693,31.5021,99.23,6,0,7.67
79,Okakarara,NA,2022-04-16 12:26:31,-20.5833,17.4333,85.69,22,7,5.1
80,Turayf,SA,2022-04-16 12:26:32,31.6725,38.6637,80.85,12,20,8.05
81,Tiksi,RU,2022-04-16 12:26:32,71.6872,128.8694,-7.78,100,74,4.21
82,Nabire,ID,2022-04-16 12:25:06,-3.3667,135.4833,78.22,90,100,1.92
83,Kalmunai,LK,2022-04-16 12:26:32,7.4167,81.8167,84.36,76,64,14.58
84,Mandera,KE,2022-04-16 12:26:33,3.9366,41.867,95.68,35,71,7.05
85,Nikolskoye,RU,2022-04-16 12:26:33,59.7035,30.7861,42.69,56,12,9.89
86,Moche,PE,2022-04-16 12:26:33,-8.1711,-79.0092,60.98,100,100,8.05
87,Roseburg,US,2022-04-16 12:23:32,43.2165,-123.3417,41.38,86,100,1.01
88,Lavrentiya,RU,2022-04-16 12:26:34,65.5833,-171.0,24.66,96,100,12.21
89,Puerto Ayora,EC,2022-04-16 12:26:34,-0.7393,-90.3518,74.25,92,56,4.99
90,Purificacion,CO,2022-04-16 12:26:34,3.8587,-74.9313,75.52,77,95,1.21
91,Ostrovnoy,RU,2022-04-16 12:26:35,68.0531,39.5131,34.12,100,100,12.19
92,Saldanha,ZA,2022-04-16 12:26:35,-33.0117,17.9442,77.05,51,0,17.52
93,Hengyang,CN,2022-04-16 12:26:35,26.8881,112.615,51.01,89,100,6.42
94,Saint George,US,2022-04-16 12:23:33,37.1041,-113.5841,57.79,39,0,1.01
95,Christchurch,NZ,2022-04-16 12:23:51,-43.5333,172.6333,56.95,78,75,4.61
96,Shingu,JP,2022-04-16 12:27:36,33.7333,135.9833,48.7,62,19,8.39
97,Asuncion,PY,2022-04-16 12:26:34,-25.3007,-57.6359,60.24,77,0,4.61
98,Sao Joao Da Barra,BR,2022-04-16 12:27:36,-21.6403,-41.0511,73.49,67,0,10.71
99,Roma,US,2022-04-16 12:27:37,43.2128,-75.4557,42.96,91,100,8.05
100,Nizhniy Ufaley,RU,2022-04-16 12:27:37,55.9153,59.9842,36.1,88,98,10.54
101,Hambantota,LK,2022-04-16 12:27:37,6.1241,81.1185,82.74,94,75,4.61
102,Mehamn,NO,2022-04-16 12:27:38,71.0357,27.8492,37.17,73,97,17.74
103,Los Llanos De Aridane,ES,2022-04-16 12:27:38,28.6585,-17.9182,68.13,76,0,12.66
104,Coihaique,CL,2022-04-16 12:27:38,-45.5752,-72.0662,42.75,87,0,5.75
105,Longyearbyen,SJ,2022-04-16 12:27:39,78.2186,15.6401,28.24,86,100,14.97
106,Torit,SS,2022-04-16 12:27:39,4.4133,32.5678,74.53,77,100,2.06
107,Port Elizabeth,ZA,2022-04-16 12:27:39,-33.918,25.5701,66.49,58,20,11.5
108,Naze,JP,2022-04-16 12:27:40,28.3667,129.4833,59.92,61,82,12.48
109,Naryan-Mar,RU,2022-04-16 12:27:40,67.6713,53.087,25.65,88,77,10.38
110,Sinop,TR,2022-04-16 12:27:40,41.7711,34.8709,64.62,45,15,5.19
111,Bambous Virieux,MU,2022-04-16 12:27:41,-20.3428,57.7575,82.65,65,40,13.8
112,Buala,SB,2022-04-16 12:27:41,-8.145,159.5921,79.77,82,92,3.09
113,Gumdag,TM,2022-04-16 12:27:41,39.2061,54.5906,67.98,39,70,11.81
114,Ribeira Grande,PT,2022-04-16 12:27:41,38.5167,-28.7,63.0,77,75,10.36
115,Pisco,PE,2022-04-16 12:27:42,-13.7,-76.2167,62.02,94,100,4.61
116,Tigil,RU,2022-04-16 12:27:42,57.8,158.6667,6.69,98,22,2.06
117,Dubbo,AU,2022-04-16 12:27:42,-32.25,148.6167,59.13,63,0,9.22
118,Torbay,CA,2022-04-16 12:27:43,47.6666,-52.7314,37.27,93,100,28.77
119,Rudnaya Pristan,RU,2022-04-16 12:27:43,44.3614,135.8116,43.23,72,83,4.76
120,Udachnyy,RU,2022-04-16 12:27:43,66.4167,112.4,26.46,68,100,12.15
121,Hilo,US,2022-04-16 12:27:44,19.7297,-155.09,75.27,97,100,6.91
122,Mahebourg,MU,2022-04-16 12:27:44,-20.4081,57.7,82.69,65,40,13.8
123,Rocha,UY,2022-04-16 12:27:44,-34.4833,-54.3333,59.34,77,32,1.41
124,Kaitangata,NZ,2022-04-16 12:27:45,-46.2817,169.8464,50.58,67,94,7.58
125,Atuona,PF,2022-04-16 12:27:45,-9.8,-139.0333,78.26,79,18,16.58
126,Narsaq,GL,2022-04-16 12:27:45,60.9167,-46.05,34.02,59,5,1.43
127,Provideniya,RU,2022-04-16 12:27:46,64.3833,-173.3,30.69,95,100,14.83
128,Poum,NC,2022-04-16 12:27:46,-20.2333,164.0167,78.21,69,0,8.59
129,Cabo San Lucas,MX,2022-04-16 12:25:46,22.8909,-109.9124,77.31,17,20,10.36
130,Flinders,AU,2022-04-16 12:27:46,-34.5833,150.8552,62.19,87,2,3.0
131,Ilulissat,GL,2022-04-16 12:24:24,69.2167,-51.1,12.22,57,20,12.66
132,Norman Wells,CA,2022-04-16 12:27:47,65.282,-126.8329,-18.36,69,0,0.0
133,Pacific Grove,US,2022-04-16 12:27:47,36.6177,-121.9166,55.65,92,84,20.0
134,Luderitz,NA,2022-04-16 12:27:47,-26.6481,15.1594,73.35,47,0,12.44
135,Severo-Kurilsk,RU,2022-04-16 12:27:48,50.6789,156.125,29.16,88,100,7.67
136,Klyuchi,RU,2022-04-16 12:27:48,52.2667,79.1667,71.24,16,3,11.56
137,Kysyl-Syr,RU,2022-04-16 12:27:49,63.8986,122.7617,8.83,96,80,2.89
138,Mumford,GH,2022-04-16 12:27:49,5.2618,-0.759,84.52,68,84,0.78
139,Ponta Do Sol,PT,2022-04-16 12:27:49,32.6667,-17.1,73.13,41,100,5.93
140,Bilibino,RU,2022-04-16 12:27:49,68.0546,166.4372,11.75,90,92,5.7
141,Maicao,CO,2022-04-16 12:28:50,11.3832,-72.2432,79.41,78,78,16.93
142,Huarmey,PE,2022-04-16 12:28:50,-10.0681,-78.1522,66.6,87,100,8.75
143,Leningradskiy,RU,2022-04-16 12:28:50,69.3833,178.4167,-2.76,100,86,5.75
144,Banjar,ID,2022-04-16 12:28:51,-8.19,114.9675,79.03,90,63,1.28
145,Marzuq,YE,2022-04-16 12:28:51,14.4,46.4667,93.02,11,5,12.26
146,Sakakah,SA,2022-04-16 12:28:51,29.9697,40.2064,89.17,6,12,11.52
147,Katsuura,JP,2022-04-16 12:28:52,35.1333,140.3,53.67,76,74,11.16
148,Klaeng,TH,2022-04-16 12:28:52,12.7797,101.6483,88.95,71,79,7.92
149,Kavieng,PG,2022-04-16 12:28:52,-2.5744,150.7967,82.33,79,64,9.04
150,Jibuti,DJ,2022-04-16 12:28:53,11.5,42.5,92.5,34,26,13.04
151,Iqaluit,CA,2022-04-16 12:28:53,63.7506,-68.5145,-5.31,83,75,0.0
152,Gat,IL,2022-04-16 12:28:53,31.61,34.7642,80.4,8,26,9.91
153,Klaksvik,FO,2022-04-16 12:28:54,62.2266,-6.589,47.32,98,95,17.9
154,Smithers,CA,2022-04-16 12:28:54,54.7804,-127.1743,19.72,86,0,0.0
155,Hauterive,FR,2022-04-16 12:28:54,46.0901,3.4459,68.76,49,52,9.78
156,Moree,AU,2022-04-16 12:28:55,-29.4667,149.85,59.02,72,75,5.75
157,Koundara,GN,2022-04-16 12:28:55,12.4833,-13.3,100.33,15,53,4.23
158,Tasiilaq,GL,2022-04-16 12:28:55,65.6145,-37.6368,37.56,97,100,12.5
159,Shimanovsk,RU,2022-04-16 12:28:56,52.0,127.7,31.8,93,90,9.78
160,Hobart,AU,2022-04-16 12:28:56,-42.8794,147.3294,54.05,89,0,5.75
161,De-Kastri,RU,2022-04-16 12:28:56,51.4667,140.7833,32.09,92,100,8.34
162,Hithadhoo,MV,2022-04-16 12:28:57,-0.6,73.0833,83.7,64,87,2.55
163,Marienburg,PL,2022-04-16 12:28:57,54.0359,19.0266,49.87,54,34,15.97
164,Saryozek,KZ,2022-04-16 12:28:57,44.3583,77.9753,71.58,17,0,12.24
165,Jacareacanga,BR,2022-04-16 12:28:58,-6.2222,-57.7528,75.25,94,100,1.34
166,Flin Flon,CA,2022-04-16 12:28:58,54.7682,-101.865,10.24,72,40,3.44
167,Vardo,NO,2022-04-16 12:28:58,70.3705,31.1107,36.01,74,93,14.85
168,Caraquet,CA,2022-04-16 12:28:59,47.7941,-64.9386,37.94,98,99,7.78
169,Fairbanks,US,2022-04-16 12:28:38,64.8378,-147.7164,21.54,52,0,11.5
170,Lebu,CL,2022-04-16 12:28:59,-37.6167,-73.65,50.67,89,4,10.69
171,Mahon,ES,2022-04-16 12:28:59,39.8885,4.2658,72.16,49,0,20.71
172,Veraval,IN,2022-04-16 12:29:00,20.9,70.3667,86.47,55,0,12.35
173,Dudinka,RU,2022-04-16 12:29:00,69.4058,86.1778,27.63,90,100,2.06
174,Solnechnyy,RU,2022-04-16 12:29:00,50.7214,136.6319,31.98,98,100,3.85
175,Uchiza,PE,2022-04-16 12:29:01,-8.4592,-76.4633,69.08,94,87,1.95
176,Jumla,NP,2022-04-16 12:29:01,29.2747,82.1838,57.51,45,98,4.43
177,Hanmer Springs,NZ,2022-04-16 12:29:01,-42.5167,172.8167,50.49,94,58,0.65
178,Tarabuco,BO,2022-04-16 12:29:02,-19.1667,-64.9167,45.03,77,97,6.26
179,Presidencia Roque Saenz Pena,AR,2022-04-16 12:29:02,-26.7852,-60.4388,58.71,72,75,5.21
180,West Wendover,US,2022-04-16 12:29:02,40.7391,-114.0733,36.61,65,0,0.0
181,Kushima,JP,2022-04-16 12:29:03,31.4583,131.2333,56.46,61,42,6.62
182,Korla,CN,2022-04-16 12:29:03,41.7597,86.1469,60.42,8,0,12.57
183,Castro,BR,2022-04-16 12:29:03,-24.7911,-50.0119,55.47,82,14,6.13
184,Killarney,IE,2022-04-16 12:29:04,52.05,-9.5167,57.25,72,20,19.57
185,Lensk,RU,2022-04-16 12:29:04,60.7253,114.9278,22.95,92,100,3.87
186,Tommot,RU,2022-04-16 12:29:05,58.9564,126.2925,20.3,91,96,2.1
187,Nemuro,JP,2022-04-16 12:30:05,43.3236,145.575,32.92,76,4,16.8
188,Juneau,US,2022-04-16 12:30:06,58.3019,-134.4197,38.21,84,100,4.61
189,Nanortalik,GL,2022-04-16 12:30:06,60.1432,-45.2371,30.92,76,4,12.3
190,Pak Chong,TH,2022-04-16 12:30:07,14.708,101.4161,86.2,45,76,5.84
191,New Glasgow,CA,2022-04-16 12:30:08,45.5834,-62.6486,46.18,59,28,17.6
192,Codrington,AU,2022-04-16 12:30:08,-38.2667,141.9667,60.21,73,100,6.82
193,Port Keats,AU,2022-04-16 12:30:09,-14.25,129.55,82.18,71,92,1.72
194,Lincoln,US,2022-04-16 12:29:30,40.8,-96.667,29.28,61,0,9.22
195,Half Moon Bay,US,2022-04-16 12:30:09,37.4636,-122.4286,56.43,91,100,16.11
196,Bara,NG,2022-04-16 12:30:10,10.3744,10.7288,101.19,26,12,9.17
197,Vila Velha,BR,2022-04-16 12:30:10,-20.3297,-40.2925,76.95,64,0,12.66
198,Beloha,MG,2022-04-16 12:30:10,-25.1667,45.05,86.77,51,11,13.44
199,Tucurui,BR,2022-04-16 12:30:11,-3.7661,-49.6725,81.39,81,37,3.09
200,Kameoka,JP,2022-04-16 12:30:11,35.0,135.5833,50.68,77,100,1.99
201,Morris,US,2022-04-16 12:29:40,40.8334,-74.5329,56.21,54,100,9.22
202,Silifke,TR,2022-04-16 12:30:12,36.3778,33.9344,69.6,49,29,6.51
203,Camana,PE,2022-04-16 12:30:12,-16.6228,-72.7111,66.87,82,95,9.91
204,Kunszentmarton,HU,2022-04-16 12:30:12,46.8392,20.2888,55.42,96,100,16.08
205,La Romana,DO,2022-04-16 12:29:16,18.4273,-68.9728,75.56,88,75,4.61
206,Camabatela,AO,2022-04-16 12:30:13,-8.1881,15.375,77.07,67,76,4.83
207,Butaritari,KI,2022-04-16 12:30:13,3.0707,172.7902,80.56,79,66,12.62
208,Itacoatiara,BR,2022-04-16 12:30:14,-3.1431,-58.4442,80.15,81,100,2.48
209,Gravdal,NO,2022-04-16 12:30:14,68.1214,13.5031,42.3,95,100,13.22
210,Santiago,CL,2022-04-16 12:29:56,-33.4569,-70.6483,56.28,78,100,3.44
211,Riyadh,SA,2022-04-16 12:30:14,24.6877,46.7219,98.74,39,100,19.48
212,Vostok,RU,2022-04-16 12:30:15,46.4856,135.8833,33.15,95,100,4.5
213,Lima,PE,2022-04-16 12:29:47,-12.0432,-77.0282,61.05,94,75,3.44
214,Abaza,RU,2022-04-16 12:30:15,52.655,90.0928,51.85,57,14,2.98
215,Lompoc,US,2022-04-16 12:30:16,34.6391,-120.4579,51.93,88,100,4.61
216,Trondheim,NO,2022-04-16 12:30:16,63.4305,10.3951,51.85,51,86,1.99
217,Chuy,UY,2022-04-16 12:30:16,-33.6971,-53.4616,65.5,60,100,5.35
218,Talnakh,RU,2022-04-16 12:30:17,69.4865,88.3972,27.21,95,100,3.24
219,Kirensk,RU,2022-04-16 12:30:17,57.7853,108.1119,32.72,97,100,3.06
220,Sao Filipe,CV,2022-04-16 12:30:17,14.8961,-24.4956,72.39,73,1,10.09
221,Cidreira,BR,2022-04-16 12:30:18,-30.1811,-50.2056,66.43,65,99,7.96
222,Kendari,ID,2022-04-16 12:30:19,-3.945,122.4989,77.18,91,72,2.24
223,San Patricio,US,2022-04-16 12:30:19,28.017,-97.5169,75.09,93,98,9.51
224,Karakol,KG,2022-04-16 12:30:19,42.4907,78.3936,51.82,53,0,0.43
225,Visnes,NO,2022-04-16 12:30:20,59.3556,5.2242,49.82,66,100,14.97
226,Pozoblanco,ES,2022-04-16 12:30:20,38.3791,-4.8483,74.79,33,0,5.93
227,La Asuncion,VE,2022-04-16 12:30:21,11.0333,-63.8628,76.73,100,31,12.66
228,Lagoa,PT,2022-04-16 12:30:21,39.05,-27.9833,58.73,70,95,0.81
229,Batagay-Alyta,RU,2022-04-16 12:30:21,67.8006,130.4114,-4.7,100,94,5.37
230,Naduvattam,IN,2022-04-16 12:31:22,11.4833,76.5667,62.08,86,54,4.09
231,Ialibu,PG,2022-04-16 12:31:22,-6.2821,143.9935,57.54,96,100,2.66
232,Vao,NC,2022-04-16 12:31:22,-22.6667,167.4833,76.87,78,0,6.67
233,Hurghada,EG,2022-04-16 12:27:51,27.2574,33.8129,81.16,39,0,11.18
234,Bredasdorp,ZA,2022-04-16 12:31:23,-34.5322,20.0403,65.59,50,36,17.67
235,Shasta Lake,US,2022-04-16 12:31:23,40.6804,-122.3708,45.75,91,100,2.8
236,Gushi,CN,2022-04-16 12:31:23,34.6425,109.5843,53.6,53,100,3.87
237,Balkanabat,TM,2022-04-16 12:31:24,39.5108,54.3671,66.43,43,100,11.7
238,Awjilah,LY,2022-04-16 12:31:24,29.1081,21.2869,109.08,5,57,27.83
239,Ponta Delgada,PT,2022-04-16 12:31:24,37.7333,-25.6667,65.12,68,20,10.36
240,Sorong,ID,2022-04-16 12:31:25,-0.8833,131.25,82.58,82,70,13.15
241,Erdenet,MN,2022-04-16 12:31:25,49.0333,104.0833,37.63,49,79,1.97
242,Meulaboh,ID,2022-04-16 12:31:25,4.1363,96.1285,81.21,79,24,1.74
243,Hamilton,US,2022-04-16 12:31:26,39.1834,-84.5333,54.99,87,100,10.36
244,Ampanihy,MG,2022-04-16 12:31:26,-24.7,44.75,88.48,43,71,16.17
245,Kenmore,US,2022-04-16 12:27:21,47.7573,-122.244,40.53,86,0,4.61
246,Kyra,RU,2022-04-16 12:31:26,49.5776,111.9753,36.75,68,33,6.29
247,Laguna,US,2022-04-16 12:31:27,38.421,-121.4238,55.9,88,100,10.36
248,Colwyn Bay,GB,2022-04-16 12:27:58,53.2948,-3.7267,67.21,64,99,1.99
249,Georgetown,MY,2022-04-16 12:30:17,5.4112,100.3354,85.98,79,20,7.0
250,Plouzane,FR,2022-04-16 12:31:27,48.3833,-4.6167,71.78,58,0,4.61
251,Dakoro,NE,2022-04-16 12:31:28,14.5106,6.765,103.1,13,100,13.31
252,Mezocsat,HU,2022-04-16 12:31:28,47.8167,20.9167,48.61,71,97,25.75
253,Esperance,AU,2022-04-16 12:31:28,-33.8667,121.9,64.24,78,100,13.56
254,Fomboni,KM,2022-04-16 12:31:29,-12.28,43.7425,84.65,70,0,5.26
255,Huanren,CN,2022-04-16 12:31:29,41.2647,125.3667,49.86,39,0,3.38
256,Nome,US,2022-04-16 12:31:29,64.5011,-165.4064,32.16,80,100,19.57
257,Birjand,IR,2022-04-16 12:31:30,32.8663,59.2211,84.67,10,20,13.8
258,Amnat Charoen,TH,2022-04-16 12:31:30,15.9167,104.75,86.59,55,19,7.83
259,Copiapo,CL,2022-04-16 12:31:30,-27.3667,-70.3333,62.53,59,0,1.3
260,Mukhen,RU,2022-04-16 12:31:31,48.1,136.1,39.02,74,99,9.82
261,Senneterre,CA,2022-04-16 12:31:31,48.3835,-77.2328,24.69,80,100,10.07
262,Arman,RU,2022-04-16 12:31:31,59.7,150.1667,14.02,83,18,7.76
263,Villarrica,PY,2022-04-16 12:31:32,-25.75,-56.4333,64.17,62,0,2.82
264,Dalbandin,PK,2022-04-16 12:31:32,28.8947,64.4101,96.44,7,96,12.1
265,Shelopugino,RU,2022-04-16 12:31:32,51.6514,117.5599,26.31,66,37,2.62
266,Vila,PT,2022-04-16 12:31:33,42.0304,-8.1588,67.69,59,84,3.24
267,Sitka,US,2022-04-16 12:26:59,57.0531,-135.33,33.69,75,40,4.61
268,Paita,PE,2022-04-16 12:31:33,-5.0892,-81.1144,68.05,81,95,11.36
269,Sarangani,PH,2022-04-16 12:31:33,5.4033,125.4636,82.29,70,72,2.19
270,Normandin,CA,2022-04-16 12:31:34,48.8333,-72.5321,34.11,69,8,16.11
271,Jian,CN,2022-04-16 12:31:34,27.1172,114.9793,51.06,92,100,6.64
272,Pavilosta,LV,2022-04-16 12:31:34,56.8879,21.1859,44.51,68,100,15.68
273,Kushtagi,IN,2022-04-16 12:31:35,15.7667,76.2,86.67,37,45,16.2
274,Shimoda,JP,2022-04-16 12:31:35,34.6667,138.95,52.11,77,100,6.29
275,Husavik,IS,2022-04-16 12:31:35,66.0449,-17.3389,45.3,78,100,14.88
276,Kruisfontein,ZA,2022-04-16 12:31:36,-34.0033,24.7314,62.89,65,99,13.58
277,Ouadda,CF,2022-04-16 12:32:36,8.0777,22.4007,98.26,22,91,6.71
278,Srednekolymsk,RU,2022-04-16 12:32:36,67.45,153.6833,2.66,99,100,2.93
279,Cam Ranh,VN,2022-04-16 12:32:37,11.9214,109.1591,80.56,83,20,2.3
280,Guerrero Negro,MX,2022-04-16 12:32:37,27.9769,-114.0611,57.51,90,100,11.61
281,Umm Lajj,SA,2022-04-16 12:32:37,25.0213,37.2685,81.66,53,0,8.12
282,Great Yarmouth,GB,2022-04-16 12:32:08,52.6083,1.7305,61.09,78,10,12.86
283,Suez,EG,2022-04-16 12:32:38,29.9737,32.5263,89.37,9,1,11.45
284,Victoria,HK,2022-04-16 12:31:26,22.2855,114.1577,73.45,73,98,15.99
285,Yanam,IN,2022-04-16 12:32:38,16.7333,82.2167,82.96,74,19,3.15
286,Barao De Melgaco,BR,2022-04-16 12:32:39,-16.1944,-55.9675,81.46,62,8,4.23
287,Yumen,CN,2022-04-16 12:32:39,40.2833,97.2,46.8,16,14,22.64
288,Sal Rei,CV,2022-04-16 12:32:39,16.1833,-22.9167,69.66,74,8,13.35
289,Kungurtug,RU,2022-04-16 12:32:40,50.5994,97.5228,30.24,87,27,1.61
290,Port-Gentil,GA,2022-04-16 12:32:40,-0.7193,8.7815,82.06,76,79,6.78
291,Mount Hagen,PG,2022-04-16 12:32:40,-5.8581,144.2274,58.48,98,50,1.34
292,Pemangkat,ID,2022-04-16 12:32:40,1.1667,108.9667,81.99,76,100,2.93
293,Taseyevo,RU,2022-04-16 12:32:41,57.2169,94.8978,40.66,97,91,2.42
294,Ayni,TJ,2022-04-16 12:32:41,39.3941,68.5377,67.98,39,100,5.44
295,Saurimo,AO,2022-04-16 12:32:41,-9.6608,20.3916,86.32,51,75,6.91
296,Iberia,US,2022-04-16 12:31:42,29.9502,-91.7507,73.47,94,100,6.91
297,Pangnirtung,CA,2022-04-16 12:32:42,66.1451,-65.7125,6.33,79,3,1.79
298,Sinnamary,GF,2022-04-16 12:32:42,5.3833,-52.95,81.16,77,73,13.65
299,Brownsville,US,2022-04-16 12:29:44,25.9018,-97.4975,78.75,86,100,14.97
300,Valverde Del Camino,ES,2022-04-16 12:32:43,37.5751,-6.7543,83.43,25,1,3.62
301,Kabo,CF,2022-04-16 12:32:43,7.6994,18.629,104.7,19,100,4.56
302,Tambacounda,SN,2022-04-16 12:32:43,13.7539,-13.7586,96.85,17,0,4.61
303,Kondinskoye,RU,2022-04-16 12:32:44,59.6481,67.41,35.58,100,100,7.02
304,Penzance,GB,2022-04-16 12:32:44,50.1186,-5.5371,54.72,94,40,19.57
305,Florianopolis,BR,2022-04-16 12:32:44,-27.6146,-48.5012,69.13,63,0,2.3
306,Qaqortoq,GL,2022-04-16 12:32:45,60.7167,-46.0333,32.18,66,1,5.97
307,Vila Franca Do Campo,PT,2022-04-16 12:32:45,37.7167,-25.4333,64.81,74,100,4.03
308,Ambon,ID,2022-04-16 12:32:45,-3.6954,128.1814,80.74,89,20,6.91
309,Kochubey,RU,2022-04-16 12:32:46,44.3861,46.5825,60.22,55,51,12.3
310,Gold Coast,AU,2022-04-16 12:28:00,-28.0,153.4333,66.99,92,40,6.91
311,Swan Hill,AU,2022-04-16 12:32:46,-35.3378,143.5544,65.7,47,85,7.38
312,Buraydah,SA,2022-04-16 12:32:46,26.326,43.975,91.85,12,0,11.21
313,Kudahuvadhoo,MV,2022-04-16 12:32:47,2.6708,72.8944,84.6,71,60,5.55
314,Mzimba,MW,2022-04-16 12:32:47,-11.9,33.6,74.03,64,94,8.79
315,Cabedelo,BR,2022-04-16 12:32:47,-6.9811,-34.8339,84.87,72,48,10.78
316,Hasanabad,IR,2022-04-16 12:32:48,36.5465,61.0543,77.22,31,12,9.22
317,Buarcos,PT,2022-04-16 12:32:48,40.166,-8.8768,78.24,71,22,11.41
318,Waddan,LY,2022-04-16 12:32:48,29.1614,16.139,87.67,20,0,12.35
319,Tiarei,PF,2022-04-16 12:32:49,-17.5333,-149.3333,77.02,75,8,16.08
320,Manta,EC,2022-04-16 12:28:25,-0.95,-80.7333,73.18,94,20,1.14
321,Chapais,CA,2022-04-16 12:32:45,49.7834,-74.8492,28.18,84,95,13.02
322,San Ramon,US,2022-04-16 12:31:51,37.7799,-121.978,55.29,91,100,14.97
323,Nchelenge,ZM,2022-04-16 12:32:49,-9.3451,28.734,76.73,73,100,3.02
324,San Jose,US,2022-04-16 12:33:33,37.3394,-121.895,56.53,88,100,11.5
325,Atikokan,CA,2022-04-16 12:33:50,48.7555,-91.6216,15.66,93,100,8.72
326,Gari,RU,2022-04-16 12:33:50,59.4307,62.3497,36.05,94,100,5.26
327,Itaituba,BR,2022-04-16 12:33:50,-4.2761,-55.9836,77.16,100,75,0.0
328,Inhambane,MZ,2022-04-16 12:33:51,-23.865,35.3833,80.58,78,75,4.61
329,Lata,PT,2022-04-16 12:33:51,40.1629,-8.3327,76.5,50,22,7.25
330,Saint-Denis,FR,2022-04-16 12:33:51,48.9167,2.3333,68.34,49,0,13.8
331,Troy,US,2022-04-16 12:30:52,42.6056,-83.1499,38.57,62,0,9.22
332,Aykhal,RU,2022-04-16 12:33:52,66.0,111.5,24.42,95,100,12.59
333,North Battleford,CA,2022-04-16 12:33:52,52.7834,-108.2847,18.41,62,20,5.75
334,Yenagoa,NG,2022-04-16 12:33:52,4.9247,6.2642,90.88,53,81,5.37
335,Tautira,PF,2022-04-16 12:33:53,-17.7333,-149.15,80.56,75,35,14.54
336,Bereda,ES,2022-04-16 12:33:53,43.2686,-7.5406,78.42,54,100,1.97
337,Savannah Bight,HN,2022-04-16 12:33:53,16.45,-85.85,79.92,76,100,17.29
338,Windhoek,NA,2022-04-16 12:33:54,-22.5594,17.0832,81.09,23,40,12.66
339,Sambava,MG,2022-04-16 12:33:54,-14.2667,50.1667,81.73,73,15,13.42
340,Mirabad,AF,2022-04-16 12:33:54,30.4362,61.8383,94.57,14,99,9.53
341,Yekaterinoslavka,RU,2022-04-16 12:33:55,50.3734,129.1139,35.28,69,100,13.33
342,Monforte De Lemos,ES,2022-04-16 12:33:55,42.5216,-7.5142,77.58,44,100,2.64
343,Tripoli,LY,2022-04-16 12:33:07,32.8752,13.1875,65.88,67,0,15.61
344,Dongli,CN,2022-04-16 12:33:55,23.5656,116.8194,67.98,64,0,11.18
345,Mount Gambier,AU,2022-04-16 12:31:39,-37.8333,140.7667,58.91,94,40,4.61
346,Herne Bay,GB,2022-04-16 12:33:56,51.373,1.1286,61.41,76,0,7.0
347,Alofi,NU,2022-04-16 12:33:56,-19.0595,-169.9187,71.49,100,77,1.14
348,Teixoso,PT,2022-04-16 12:33:57,40.3145,-7.4576,79.34,37,12,1.9
349,Torun,PL,2022-04-16 12:33:57,53.0137,18.5981,53.47,50,60,4.0
350,Manado,ID,2022-04-16 12:32:18,1.487,124.8455,79.57,94,40,1.14
351,Mandal,IN,2022-04-16 12:33:57,25.45,74.5667,98.47,6,0,7.31
352,San Quintin,MX,2022-04-16 12:33:58,30.4833,-115.95,57.54,91,100,10.2
353,Sokolo,ML,2022-04-16 12:33:58,14.7328,-6.1219,102.29,7,85,13.6
354,Bac Lieu,VN,2022-04-16 12:33:58,9.285,105.7244,82.98,74,55,6.67
355,Port Lincoln,AU,2022-04-16 12:33:59,-34.7333,135.8667,69.73,64,32,3.78
356,Upernavik,GL,2022-04-16 12:33:59,72.7868,-56.1549,-12.48,96,65,14.34
357,Burnie,AU,2022-04-16 12:33:59,-41.0667,145.9167,59.18,93,100,5.46
358,Homer,US,2022-04-16 12:34:00,59.6425,-151.5483,38.8,67,100,5.01
359,Mandalgovi,MN,2022-04-16 12:34:00,45.7625,106.2708,40.62,42,98,5.03
360,Nioro,GM,2022-04-16 12:34:00,13.35,-15.75,97.77,12,11,7.74
361,Porbandar,IN,2022-04-16 12:34:01,21.6422,69.6093,84.45,63,0,12.84
362,Priladozhskiy,RU,2022-04-16 12:34:01,59.85,31.4833,34.54,1,40,10.2
363,Neiafu,TO,2022-04-16 12:34:01,-18.65,-173.9833,75.88,94,40,0.0
364,Broome,US,2022-04-16 12:34:02,42.2506,-75.833,51.46,73,100,4.61
365,Polyarnyy,RU,2022-04-16 12:34:02,69.1989,33.4478,36.16,85,85,12.21
366,Dalvik,IS,2022-04-16 12:34:03,65.9702,-18.5286,49.93,76,100,13.31
367,San,ML,2022-04-16 12:34:03,13.3034,-4.8956,100.13,20,92,13.15
368,Capaccio,IT,2022-04-16 12:34:03,40.4244,15.0809,70.39,47,100,4.79
369,Chipinge,ZW,2022-04-16 12:35:04,-20.1883,32.6236,68.76,83,99,9.01
370,Basco,PH,2022-04-16 12:35:04,20.4487,121.9702,76.44,78,100,23.17
371,Karpogory,RU,2022-04-16 12:35:04,64.0019,44.4451,31.37,82,100,5.86
372,Dingle,PH,2022-04-16 12:35:05,10.9995,122.6711,77.59,87,50,4.92
373,Byron Bay,AU,2022-04-16 12:35:05,-28.65,153.6167,64.29,84,81,11.52
374,Dunn,US,2022-04-16 12:35:05,44.95,-91.8835,26.76,78,95,14.92
375,La Ronge,CA,2022-04-16 12:35:06,55.1001,-105.2842,14.25,73,75,2.3
376,Phan Thiet,VN,2022-04-16 12:33:18,10.9333,108.1,79.66,82,77,4.5
377,Zhigansk,RU,2022-04-16 12:35:06,66.7697,123.3711,1.63,98,20,4.18
378,Ahipara,NZ,2022-04-16 12:35:07,-35.1667,173.1667,63.63,87,87,7.74
379,Coolum Beach,AU,2022-04-16 12:35:07,-26.5333,153.1,66.22,89,98,11.68
380,Santo Estevao,BR,2022-04-16 12:35:07,-12.4303,-39.2514,84.54,65,82,4.5
381,Palmer,US,2022-04-16 12:31:33,42.1584,-72.3287,55.81,45,100,14.97
382,Asau,RO,2022-04-16 12:35:08,46.4333,26.4,58.28,83,100,2.95
383,Taoudenni,ML,2022-04-16 12:35:08,22.6783,-3.9836,91.38,11,0,13.53
384,Nurota,UZ,2022-04-16 12:35:08,40.5614,65.6886,82.94,18,43,9.93
385,Muroto,JP,2022-04-16 12:35:09,33.2833,134.15,57.43,56,100,13.0
386,Chokurdakh,RU,2022-04-16 12:35:09,70.6333,147.9167,-9.81,100,98,2.77
387,Nelson Bay,AU,2022-04-16 12:35:09,-32.7167,152.15,69.01,88,0,5.37
388,Tazovskiy,RU,2022-04-16 12:35:10,67.4667,78.7,20.7,94,100,8.21
389,Palu,ID,2022-04-16 12:35:10,-0.8917,119.8707,76.82,97,100,1.92
390,Santa Isabel,BR,2022-04-16 12:33:30,-23.3156,-46.2214,62.31,68,21,5.26
391,Adrar,MR,2022-04-16 12:35:10,20.5022,-10.0711,96.21,7,0,13.96
392,Markala,ML,2022-04-16 12:35:11,13.7021,-6.0659,103.33,15,91,16.17
393,Kropotkin,RU,2022-04-16 12:35:11,45.4375,40.5756,64.36,46,25,3.76
394,Dunedin,NZ,2022-04-16 12:30:41,-45.8742,170.5036,52.81,66,24,10.0
395,Teluk Nibung,ID,2022-04-16 12:35:12,3.001,99.8164,80.06,87,99,4.32
396,Cape Coast,GH,2022-04-16 12:35:12,5.1053,-1.2466,82.67,73,100,2.04
397,Northam,GB,2022-04-16 12:35:12,51.0333,-4.2167,66.25,71,100,10.2
398,Tingi,TZ,2022-04-16 12:35:13,-11.3,35.0333,72.01,78,85,3.06
399,Carballo,ES,2022-04-16 12:35:13,43.213,-8.691,71.02,48,86,4.81
400,Kintampo,GH,2022-04-16 12:35:13,8.0563,-1.7306,75.34,71,100,3.8
401,Soe,ID,2022-04-16 12:35:14,-9.8607,124.284,66.81,94,100,4.18
402,Tateyama,JP,2022-04-16 12:35:14,34.9833,139.8667,54.1,76,47,12.86
403,Skorodnoye,RU,2022-04-16 12:35:14,51.071,37.2276,58.24,63,100,14.56
404,Necochea,AR,2022-04-16 12:35:15,-38.5473,-58.7368,59.58,66,45,10.49
405,Aksarka,RU,2022-04-16 12:35:15,66.5606,67.7975,21.58,90,100,5.86
406,Svetlaya,RU,2022-04-16 12:35:15,46.5389,138.3297,36.95,92,95,5.26
407,Koungou,YT,2022-04-16 12:35:16,-12.7336,45.2042,91.11,66,0,8.05
408,Kahului,US,2022-04-16 12:35:16,20.8947,-156.47,73.42,87,20,14.97
409,Saskylakh,RU,2022-04-16 12:35:16,71.9167,114.0833,9.91,94,100,12.15
410,Halifax,CA,2022-04-16 12:35:13,44.6453,-63.5724,51.53,81,18,11.5
411,Evans,US,2022-04-16 12:35:17,33.5337,-82.1307,60.04,71,100,3.8
412,Salvador,SV,2022-04-16 12:32:00,13.8333,-88.9167,73.8,82,100,0.69
413,Cap Malheureux,MU,2022-04-16 12:35:17,-19.9842,57.6142,80.47,76,7,8.99
414,Kurilsk,RU,2022-04-16 12:32:19,45.2333,147.8833,30.56,88,71,14.99
415,Ginir,ET,2022-04-16 12:35:18,7.1333,40.7,72.7,51,100,5.17
416,Tuatapere,NZ,2022-04-16 12:35:18,-46.1333,167.6833,45.66,79,78,2.59
417,Harper,LR,2022-04-16 12:36:18,4.375,-7.7169,83.44,74,99,5.79
418,Buchanan,LR,2022-04-16 12:36:19,5.8808,-10.0467,83.39,75,99,7.65
419,Aldan,RU,2022-04-16 12:36:19,58.6031,125.3894,16.0,91,100,3.44
420,Grootfontein,NA,2022-04-16 12:36:19,-19.5667,18.1167,80.17,41,74,2.3
421,Tura,IN,2022-04-16 12:36:20,25.5198,90.2201,73.62,69,0,13.76
422,Maragogi,BR,2022-04-16 12:36:20,-9.0122,-35.2225,86.59,65,26,10.47
423,Port Pirie,AU,2022-04-16 12:36:20,-33.1833,138.0167,71.69,36,2,12.66
424,Znamenka,RU,2022-04-16 12:36:21,52.4167,41.4311,61.29,54,100,17.2
425,Caravelas,BR,2022-04-16 12:36:21,-17.7125,-39.2481,78.67,71,100,11.1
426,Kieta,PG,2022-04-16 12:36:21,-6.2167,155.6333,79.23,85,100,0.22
427,Darhan,MN,2022-04-16 12:36:22,49.4867,105.9228,48.07,36,99,6.4
428,Khatanga,RU,2022-04-16 12:36:22,71.9667,102.5,21.97,97,99,3.09
429,Garmsar,IR,2022-04-16 12:36:22,35.2182,52.3409,73.0,31,78,3.36
430,Makarov,RU,2022-04-16 12:36:23,48.6333,142.8,30.6,93,50,2.51
431,Batemans Bay,AU,2022-04-16 12:36:23,-35.7167,150.1833,64.09,93,2,4.27
432,Taksimo,RU,2022-04-16 12:36:23,56.3444,114.8794,22.82,78,85,1.41
433,Nouadhibou,MR,2022-04-16 12:36:24,20.931,-17.0347,66.18,82,75,14.97
434,Soroti,UG,2022-04-16 12:36:24,1.7146,33.6111,72.46,72,100,9.13
435,Jurm,AF,2022-04-16 12:36:24,36.8648,70.8342,70.09,23,100,5.68
436,Kaohsiung,TW,2022-04-16 12:33:02,22.6163,120.3133,77.04,70,75,6.91
437,Pangoa,PE,2022-04-16 12:36:25,-12.1167,-73.0,70.74,83,100,1.05
438,Lublin,PL,2022-04-16 12:36:11,51.0,23.0,45.99,60,88,18.16
439,Bud,US,2022-04-16 12:36:25,39.447,-86.1758,50.47,77,100,6.2
440,Virginia Beach,US,2022-04-16 12:36:26,36.8529,-75.978,58.01,76,100,1.99
441,Bocaiuva,BR,2022-04-16 12:36:26,-17.1078,-43.815,73.11,61,41,7.61
442,Miraflores,MX,2022-04-16 12:36:26,19.2167,-98.8083,66.02,72,12,2.46
443,Saint-Pierre,RE,2022-04-16 12:36:27,-21.3393,55.4781,82.29,66,100,11.5
444,Talaya,RU,2022-04-16 12:36:27,61.3833,152.75,-2.16,100,99,2.13
445,North Bend,US,2022-04-16 12:36:27,43.4065,-124.2243,44.08,96,100,6.91
446,Hualmay,PE,2022-04-16 12:36:28,-11.0964,-77.6139,67.23,82,61,8.1
447,Morki,RU,2022-04-16 12:36:28,56.4303,48.9947,36.32,74,100,5.28
448,Bundaberg,AU,2022-04-16 12:32:14,-24.85,152.35,68.29,76,100,6.91
449,Muscat,OM,2022-04-16 12:36:28,23.6139,58.5922,96.82,39,3,2.33
450,Sao Gabriel Da Cachoeira,BR,2022-04-16 12:32:35,-0.1303,-67.0892,75.0,94,40,4.61
451,Vestmannaeyjar,IS,2022-04-16 12:36:29,63.4427,-20.2734,47.39,100,100,13.8
452,Acapulco,MX,2022-04-16 12:32:35,16.8634,-99.8901,75.02,73,40,0.0
453,Caorle,IT,2022-04-16 12:36:29,45.5966,12.8758,69.76,46,89,18.05
454,Port Augusta,AU,2022-04-16 12:36:29,-32.5,137.7667,74.19,33,0,8.55
455,Honiara,SB,2022-04-16 12:36:30,-9.4333,159.95,78.12,86,100,2.46
456,Bambanglipuro,ID,2022-04-16 12:36:30,-7.95,110.2833,79.23,86,30,4.83
457,Broken Hill,AU,2022-04-16 12:36:30,-31.95,141.4333,67.71,37,0,6.91
458,Vasudevanallur,IN,2022-04-16 12:36:31,9.2333,77.4167,86.63,66,44,10.22
459,Cloppenburg,DE,2022-04-16 12:36:31,52.85,8.0333,58.69,44,16,11.45
460,Nishihara,JP,2022-04-16 12:36:32,26.1842,127.7558,67.28,64,75,14.97
461,Ambilobe,MG,2022-04-16 12:36:32,-13.2,49.05,85.42,66,44,4.83
462,Cuamba,MZ,2022-04-16 12:37:32,-14.8031,36.5372,81.41,68,90,4.09
463,Linqiong,CN,2022-04-16 12:37:33,30.4159,103.4609,53.42,88,100,2.59
464,Vanimo,PG,2022-04-16 12:37:33,-2.6741,141.3028,79.16,86,60,4.07
465,Derzhavinsk,KZ,2022-04-16 12:37:33,51.1,66.3167,56.03,47,100,10.98
466,Avera,US,2022-04-16 12:37:33,33.194,-82.5271,56.71,91,100,5.79
467,Wanning,CN,2022-04-16 12:37:34,18.8003,110.3967,75.94,89,3,6.35
468,Chimichagua,CO,2022-04-16 12:37:34,9.2578,-73.8123,81.41,78,95,2.33
469,Gimli,CA,2022-04-16 12:37:34,50.6336,-96.9907,12.22,62,100,9.22
470,Lukovetskiy,RU,2022-04-16 12:37:35,64.2956,41.9211,34.5,72,100,5.37
471,Yerbogachen,RU,2022-04-16 12:37:35,61.2767,108.0108,32.36,98,100,7.23
472,Sitio Novo Do Tocantins,BR,2022-04-16 12:37:35,-5.5183,-47.4611,80.53,89,75,5.75
473,Alamosa,US,2022-04-16 12:37:36,37.4695,-105.87,24.78,58,0,3.44
474,Gazli,UZ,2022-04-16 12:37:36,40.1333,63.45,80.82,23,100,21.74
475,Nueve De Julio,AR,2022-04-16 12:37:36,-35.4444,-60.8831,60.49,55,2,6.49
476,Trairi,BR,2022-04-16 12:37:37,-3.2778,-39.2689,81.14,84,100,5.08
477,Laredo,US,2022-04-16 12:37:37,27.5064,-99.5075,75.49,83,100,9.22
478,Duncan,US,2022-04-16 12:37:37,34.5023,-97.9578,58.89,63,100,23.02
479,Sisimiut,GL,2022-04-16 12:37:38,66.9395,-53.6735,18.48,49,0,8.77
480,Farah,AF,2022-04-16 12:37:38,32.5,62.5,85.93,14,94,12.86
481,Haines Junction,CA,2022-04-16 12:37:38,60.7522,-137.5108,15.75,79,100,1.14
482,Lamu,KE,2022-04-16 12:37:39,-2.2717,40.902,88.02,70,100,16.55
483,Fasa,IR,2022-04-16 12:37:39,28.9383,53.6482,85.24,15,40,18.41
484,Verkhoyansk,RU,2022-04-16 12:37:39,67.5447,133.385,0.95,97,85,1.23
485,Oussouye,SN,2022-04-16 12:37:40,12.485,-16.5469,86.18,24,11,8.59
486,Kumphawapi,TH,2022-04-16 12:37:40,17.1087,103.0149,87.69,54,0,11.01
487,Uruzgan,AF,2022-04-16 12:37:40,32.8333,66.0,78.04,14,100,14.16
488,Sault Sainte Marie,CA,2022-04-16 12:37:41,46.5168,-84.3333,28.69,73,100,17.27
489,Dandong,CN,2022-04-16 12:33:39,40.1292,124.3947,52.54,43,0,0.78
490,Labuhan,ID,2022-04-16 12:37:41,-6.8844,112.2051,82.15,74,34,2.82
491,Balsas,BR,2022-04-16 12:37:41,-7.5325,-46.0356,82.17,74,7,4.59
492,Bathsheba,BB,2022-04-16 12:37:42,13.2167,-59.5167,83.01,69,40,23.02
493,Verkhneyarkeyevo,RU,2022-04-16 12:37:42,55.4505,54.3145,37.81,67,95,7.36
494,Lhokseumawe,ID,2022-04-16 12:37:42,5.1801,97.1507,82.09,76,100,5.93
495,Clyde River,CA,2022-04-16 12:37:43,70.4692,-68.5914,-10.97,84,100,4.61
496,Nizhniy Kuranakh,RU,2022-04-16 12:37:43,58.8353,125.4869,20.08,93,100,2.15
497,Fortuna,US,2022-04-16 12:37:43,40.5982,-124.1573,42.66,96,100,6.91
498,Trinidad,BO,2022-04-16 12:37:44,-14.8333,-64.9,71.58,78,75,3.44
499,Narimanov,RU,2022-04-16 12:37:44,46.6927,47.8498,65.95,32,84,7.76
500,Ubrique,ES,2022-04-16 12:37:44,36.6778,-5.446,76.87,44,0,2.39
501,Arlit,NE,2022-04-16 12:37:45,18.7369,7.3853,93.87,8,100,15.61
502,Samarai,PG,2022-04-16 12:37:45,-10.6167,150.6667,82.45,77,100,8.03
503,Ulety,RU,2022-04-16 12:37:45,51.3572,112.4849,36.77,71,71,4.07
504,Axim,GH,2022-04-16 12:37:46,4.8699,-2.2405,81.59,79,100,5.3
505,Hirara,JP,2022-04-16 12:37:46,24.8,125.2833,71.04,64,76,21.65
506,Upata,VE,2022-04-16 12:37:46,8.0086,-62.3989,80.33,59,100,8.97
507,Sumbe,AO,2022-04-16 12:37:47,-11.2061,13.8437,82.22,77,99,8.7
508,Itoman,JP,2022-04-16 12:37:47,26.1247,127.6694,68.02,62,75,14.97
509,Lorengau,PG,2022-04-16 12:37:47,-2.0226,147.2712,81.36,80,83,5.06
510,Ranot,TH,2022-04-16 12:38:48,7.7777,100.3213,84.42,73,89,3.53
511,Cordeiro,BR,2022-04-16 12:38:48,-22.0286,-42.3608,70.77,63,2,2.04
512,Tabas,IR,2022-04-16 12:38:48,33.5959,56.9244,89.85,12,3,8.03
513,Beidao,CN,2022-04-16 12:38:49,34.5686,105.8933,47.41,75,100,2.73
514,Katangli,RU,2022-04-16 12:38:49,51.7102,143.2326,28.58,87,100,14.9
515,Abha,SA,2022-04-16 12:38:49,18.2164,42.5053,77.25,21,20,11.5
516,Gigmoto,PH,2022-04-16 12:38:50,13.7796,124.39,78.67,80,8,4.56
517,Lasa,IT,2022-04-16 12:38:50,46.6166,10.7002,64.69,60,14,7.76
518,Boddam,GB,2022-04-16 12:38:50,57.4667,-1.7833,58.42,94,100,21.85
519,La Rioja,ES,2022-04-16 12:36:52,42.25,-2.5,64.18,46,0,13.44
520,Kushiro,JP,2022-04-16 12:38:51,42.975,144.3747,34.23,79,2,2.26
521,Kloulklubed,PW,2022-04-16 12:38:51,7.0419,134.2556,77.5,72,100,3.22
522,Faanui,PF,2022-04-16 12:38:51,-16.4833,-151.75,81.45,71,0,16.75
523,Mayo,US,2022-04-16 12:38:52,38.8876,-76.5119,61.95,46,0,9.22
524,Kavaratti,IN,2022-04-16 12:38:52,10.5669,72.642,84.81,72,30,5.5
525,Ararat,AM,2022-04-16 12:38:52,39.8317,44.7049,68.34,29,92,4.94
526,Shishou,CN,2022-04-16 12:38:53,29.7226,112.419,51.42,84,100,3.22
527,Ushibuka,JP,2022-04-16 12:38:53,32.1906,130.0228,58.23,57,100,10.2
528,Zhucheng,CN,2022-04-16 12:38:53,35.9947,119.3975,54.97,27,100,6.58
529,Rocafuerte,EC,2022-04-16 12:38:54,-0.9167,-80.4333,73.27,88,100,1.72
530,Santa Cruz,BO,2022-04-16 12:38:54,-17.8,-63.1667,69.85,52,75,12.66
531,Camacha,PT,2022-04-16 12:38:54,33.0833,-16.3333,63.82,72,20,17.27
532,Finnsnes,NO,2022-04-16 12:38:55,69.2296,17.9811,45.21,96,100,6.73
533,Takoradi,GH,2022-04-16 12:38:55,4.8845,-1.7554,85.06,70,99,2.86
534,Manggar,ID,2022-04-16 12:38:55,-2.8833,108.2667,82.63,73,65,6.06
535,Tacuarembo,UY,2022-04-16 12:38:56,-31.7333,-55.9833,60.76,68,0,4.74
536,Komsomolskiy,UZ,2022-04-16 12:38:56,40.4272,71.7189,84.92,14,52,4.61
537,Shar,KZ,2022-04-16 12:38:56,49.5886,81.0453,59.25,27,0,9.53
538,Salinopolis,BR,2022-04-16 12:38:57,-0.6136,-47.3561,80.11,85,71,6.29
539,Khasan,RU,2022-04-16 12:38:57,42.4308,130.6434,51.64,44,75,8.28
540,Egvekinot,RU,2022-04-16 12:38:57,66.3167,-179.1667,11.44,92,100,15.66
541,Soverato,IT,2022-04-16 12:38:58,38.685,16.5499,69.15,47,56,7.18
542,Ketchikan,US,2022-04-16 12:36:42,55.3422,-131.6461,33.78,80,0,0.0
543,Bubaque,GW,2022-04-16 12:38:58,11.2833,-15.8333,76.1,57,11,4.54
544,Puerto Madryn,AR,2022-04-16 12:38:59,-42.7692,-65.0385,60.66,60,5,15.59
545,Tinskoy,RU,2022-04-16 12:38:59,56.1525,96.9161,41.58,94,100,4.32
546,Malakal,SS,2022-04-16 12:38:59,9.5334,31.6605,94.77,32,100,8.84
547,Aasiaat,GL,2022-04-16 12:38:59,68.7098,-52.8699,1.83,94,84,1.41
548,Ulaangom,MN,2022-04-16 12:39:00,49.9811,92.0667,44.98,33,0,2.93
549,Ust-Omchug,RU,2022-04-16 12:39:00,61.15,149.6333,-4.56,100,56,2.21
550,Bayan,CN,2022-04-16 12:39:01,46.0833,127.4,43.41,25,24,1.99
551,Mount Pleasant,US,2022-04-16 12:38:46,32.7941,-79.8626,64.99,95,40,0.0
552,Praia Da Vitoria,PT,2022-04-16 12:39:01,38.7333,-27.0667,62.76,82,20,5.19
553,Sarkand,KZ,2022-04-16 12:39:01,45.41,79.9186,62.94,26,0,2.98
554,Padang,ID,2022-04-16 12:39:02,-0.9492,100.3543,84.25,84,54,1.63
555,Yamada,JP,2022-04-16 12:40:02,39.4667,141.95,39.33,90,0,6.06
556,Plainview,US,2022-04-16 12:39:02,40.7765,-73.4673,57.67,64,0,13.8
557,Port Blair,IN,2022-04-16 12:40:03,11.6667,92.75,86.04,70,40,5.75
558,Saint Anthony,US,2022-04-16 12:40:03,45.0205,-93.218,26.92,73,100,16.11
559,Malanje,AO,2022-04-16 12:40:04,-9.5402,16.341,80.98,89,75,4.61
560,Tupik,RU,2022-04-16 12:40:04,54.4253,119.9327,20.03,73,18,2.93
561,Tessalit,ML,2022-04-16 12:40:04,20.1986,1.0114,85.86,10,59,16.51
562,Lyuban,BY,2022-04-16 12:40:05,52.7985,28.0048,44.85,51,100,13.98
563,Utete,TZ,2022-04-16 12:40:05,-7.986,38.758,81.72,90,100,5.03
564,Doha,QA,2022-04-16 12:35:50,25.2867,51.5333,100.71,22,100,11.5
565,Pahrump,US,2022-04-16 12:40:05,36.2083,-115.9839,60.31,34,67,13.0
566,Mananjary,MG,2022-04-16 12:40:06,-21.2167,48.3333,79.68,75,71,7.52
567,Konde,TZ,2022-04-16 12:40:06,-4.95,39.75,74.66,92,100,7.45
568,Mayor Pablo Lagerenza,PY,2022-04-16 12:40:07,-19.9309,-60.7718,72.41,41,73,5.39
